[{"id":6,"title":"Benefits of Indoor Plant Detailed Blog.","short_description":"Discover the countless benefits of indoor plants in this detailed blog post. From improving air quality to reducing stress levels, these green companions have a positive impact on our physical and mental health. Learn how to choose the right plants and care for them to fully enjoy their advantages.","image":"57563.png","description":"<p>The Benefits of Indoor Plants - A Detailed Blog<\/p>\r\n\r\n<h1>The Benefits of Indoor Plants<\/h1>\r\n\r\n<p>Indoor plants not only add a touch of natural beauty to our living spaces but also provide numerous benefits to our physical and mental well-being. Whether you are an avid gardener or simply someone who appreciates the aesthetics of greenery, incorporating indoor plants into your home or office can greatly enhance your environment. In this detailed blog post, we will explore the many advantages of having indoor plants.<\/p>\r\n\r\n<h2>Improving Air Quality<\/h2>\r\n\r\n<p>One of the most underrated benefits of indoor plants is their ability to improve air quality. Through the process of photosynthesis, plants absorb carbon dioxide and release oxygen. They also act as natural filters by removing various harmful substances from the air such as formaldehyde, benzene, and trichloroethylene. This purification process helps reduce the levels of indoor air pollutants, leading to cleaner and healthier air for us to breathe.<\/p>\r\n\r\n<h2>Increasing Humidity<\/h2>\r\n\r\n<p>Indoor environments often suffer from dry air due to heating or cooling systems, especially during winter months. Indoor plants help combat this by releasing moisture through a process called transpiration. By increasing humidity levels in our homes or offices, they can relieve dry skin conditions and respiratory problems like coughing and sore throat. Additionally, higher humidity can minimize the risk of infections by keeping mucous membranes moist and more resistant towards bacteria and viruses.<\/p>\r\n\r\n<h2>Reducing Stress and Improving Mental Health<\/h2>\r\n\r\n<p>Research has shown that being around indoor plants can have a calming effect on individuals, reducing stress and anxiety levels. The presence of greenery promotes relaxation and improves overall mood. Studies have even indicated that indoor plants can help lower blood pressure and heart rate, promoting a sense of tranquility. Incorporating plants into our indoor spaces can create a soothing and nurturing environment for those looking to alleviate stress or seeking mental clarity.<\/p>\r\n\r\n<h2>Inspiring Productivity and Creativity<\/h2>\r\n\r\n<p>Indoor plants aren&#39;t just aesthetically pleasing; they can also boost productivity and creativity. Several studies have found that employees working in offices with greenery are more productive, focused, and experience higher job satisfaction. Plants bring nature indoors and create a better work atmosphere by reducing fatigue, increasing concentration, and enhancing cognitive performance. Whether it&#39;s a small potted plant on your desk or larger ones scattered throughout the office, bringing greenery into the workspace has proven to stimulate creativity and improve overall work productivity.<\/p>\r\n\r\n<h2>Natural Sound Absorption<\/h2>\r\n\r\n<p>Believe it or not, indoor plants can even help absorb sound waves! Their leaves, branches, and soil all contribute to reducing noise levels in enclosed spaces. This natural sound absorption property is especially beneficial for homes located near busy streets or workplaces with constant background noise. By providing an additional barrier against unwanted sounds, indoor plants create a more serene environment where one can focus on tasks without distractions.<\/p>\r\n\r\n<h2>Better Sleep Quality<\/h2>\r\n\r\n<p>Having trouble sleeping? Indoor plants might be the solution you need! Several studies have demonstrated that certain houseplants release oxygen during the night instead of consuming it like most other plants. This unique behavior makes them excellent bedroom companions as they increase oxygen levels while absorbing carbon dioxide at night. Additionally, their ability to purify the air can relieve breathing difficulties and allergies, ensuring a good night&#39;s sleep in a cleaner, healthier environment.<\/p>\r\n\r\n<h2>Conclusion<\/h2>\r\n\r\n<p>Indoor plants do much more than just enhancing the visual appeal of our living spaces. They provide a range of benefits spanning from improving air quality and boosting humidity levels to promoting better mental health and increasing productivity. Incorporating indoor plants into our homes or offices is a simple yet effective way to create a healthier, more vibrant environment. So why not bring nature indoors and start enjoying the numerous advantages that indoor plants have to offer?<\/p>","views":1,"created_at":"2023-06-29T14:33:53.000000Z","updated_at":"2023-06-29T07:33:53.000000Z","deleted_at":null},{"id":9,"title":"Best Sport Shoes For Multi Gender.","short_description":"Looking for the perfect sport shoes that cater to multiple genders? Look no further! Our blog post highlights the best sport shoes that are not only stylish and comfortable, but also designed to accommodate different foot shapes and sizes. Whether you're a man, woman, or non-binary individual, these shoes have got you covered!","image":"11833.png","description":"<p>Best Sport Shoes For Multi Gender<\/p>\r\n\r\n<h1>Best Sport Shoes For Multi Gender<\/h1>\r\n\r\n<p>Sports shoes are an essential part of any athletic activity. Whether you are running, playing basketball, or hitting the gym, having the right pair of shoes can greatly enhance your performance and prevent injuries. With an increasing demand for inclusivity and versatility in sports products, many brands are now developing sport shoes that cater to multiple genders. In this blog post, we will explore some of the best sport shoes available for multi-gender use.<\/p>\r\n\r\n<h2>Nike Air Zoom Pegasus<\/h2>\r\n\r\n<p><img alt=\"Nike Air Zoom Pegasus\" src=\"nike-air-zoom-pegasus.jpg\" \/><\/p>\r\n\r\n<p>The Nike Air Zoom Pegasus has long been considered a staple in the running shoe market. It offers excellent cushioning and responsiveness to propel you forward during your runs while providing adequate support for your feet. The sleek design and wide range of color options make it suitable for both men and women.<\/p>\r\n\r\n<h2>New Balance Fresh Foam Roav<\/h2>\r\n\r\n<p><img alt=\"New Balance Fresh Foam Roav\" src=\"new-balance-fresh-foam-roav.jpg\" \/><\/p>\r\n\r\n<p>The New Balance Fresh Foam Roav is a versatile athletic shoe that caters to a range of activities, including running, walking, and cycling. It features soft cushioning and a comfortable fit, making it suitable for both casual workouts and intense training sessions. The stylish design and unisex sizing options make it an excellent choice for multi-gender use.<\/p>\r\n\r\n<h2>Adidas Ultraboost<\/h2>\r\n\r\n<p><img alt=\"Adidas Ultraboost\" src=\"adidas-ultraboost.jpg\" \/><\/p>\r\n\r\n<p>The Adidas Ultraboost is known for its exceptional energy return and unparalleled comfort. It features a responsive Boost midsole that provides cushioning and support during high-impact activities. The gender-neutral design makes it suitable for athletes of all genders who are looking for top-notch performance and style.<\/p>\r\n\r\n<h2>Puma Hybrid Rocket Runner<\/h2>\r\n\r\n<p><img alt=\"Puma Hybrid Rocket Runner\" src=\"puma-hybrid-rocket-runner.jpg\" \/><\/p>\r\n\r\n<p>The Puma Hybrid Rocket Runner is a versatile shoe that combines breathability, responsiveness, and style. Its hybrid foam midsole offers optimal energy return, while the upper mesh material ensures proper ventilation during intense workouts. This shoe&#39;s universal appeal makes it a great choice for individuals with different gender preferences within the sporting community.<\/p>\r\n\r\n<h2>Under Armour HOVR Sonic 4<\/h2>\r\n\r\n<p><img alt=\"Under Armour HOVR Sonic 4\" src=\"under-armour-hovr-sonic-4.jpg\" \/><\/p>\r\n\r\n<p>The Under Armour HOVR Sonic 4 is designed to provide maximum comfort and support during long-distance runs. It offers excellent cushioning and impact absorption thanks to the UA HOVR technology in the midsole. With its neutral design and multiple width options available, this shoe can accommodate individuals of various gender identities.<\/p>\r\n\r\n<h2>Conclusion<\/h2>\r\n\r\n<p>When it comes to choosing the best sport shoes for multi-gender use, it is important to prioritize comfort, performance, and inclusivity. The Nike Air Zoom Pegasus, New Balance Fresh Foam Roav, Adidas Ultraboost, Puma Hybrid Rocket Runner, and Under Armour HOVR Sonic 4 are just a few examples of footwear that meet these criteria. Remember to try on different shoes and consider factors such as fit, cushioning level, and versatility before making a final decision. Regardless of your gender or athletic pursuits, investing in high-quality sport shoes will ultimately contribute to an enhanced sporting experience.<\/p>","views":1,"created_at":"2023-06-29T12:37:05.000000Z","updated_at":"2023-06-29T12:37:05.000000Z","deleted_at":null},{"id":8,"title":"Best Furniture Product on OtrixWeb.","short_description":"Discover the ultimate guide to finding the best furniture products on OtrixWeb. From stylish and functional pieces for every room in your home to expert tips on choosing the right materials and designs, this blog post has everything you need to create a stunning and comfortable living space.","image":"84395.png","description":"<p>Best Furniture Product on OtrixWeb<\/p>\r\n\r\n<h1>Best Furniture Product on OtrixWeb<\/h1>\r\n\r\n<p>OtrixWeb is a leading online marketplace that offers a wide range of furniture products catering to various styles and preferences. With numerous options available, it can be overwhelming to choose the best furniture product for your home or office. In this blog post, we will explore some of the top furniture products listed on OtrixWeb, ensuring you make an informed decision when making your purchase.<\/p>\r\n\r\n<h2>1. Deluxe Leather Sofa Set<\/h2>\r\n\r\n<p><img alt=\"Deluxe Leather Sofa\" src=\"leather-sofa.jpg\" style=\"height:350px; width:500px\" \/><\/p>\r\n\r\n<p>This deluxe leather sofa set is a perfect centerpiece for any living room. It features genuine leather upholstery, providing both durability and luxurious comfort. The ergonomic design ensures optimal relaxation while maintaining elegance in its aesthetic appeal.<\/p>\r\n\r\n<ul>\r\n\t<li>Durable and high-quality materials guarantee long-lasting use.<\/li>\r\n\t<li>The comfortable seating arrangement enhances your overall relaxation experience.<\/li>\r\n\t<li>Sleek and modern design adds a touch of sophistication to your living space.<\/li>\r\n<\/ul>\r\n\r\n<h2>2. Classic Wooden Dining Table<\/h2>\r\n\r\n<p>`<img alt=\"Classic Wooden Dining Table\" src=\"wooden-dining-table.jpg\" style=\"height:350px; width:500px\" \/>` `<\/p>\r\n\r\n<p>This classic wooden dining table is ideal for family meals or hosting dinner parties. Crafted from high-quality wood, it exudes timeless elegance and adds warmth to any dining area.<\/p>\r\n\r\n<p>` `<\/p>\r\n\r\n<ul>\r\n\t<li>` `<\/li>\r\n\t<li>The sturdy construction ensures longevity even with daily use.<\/li>\r\n\t<li>` `<\/li>\r\n\t<li>Exquisite craftsmanship and attention to detail give it a unique charm.<\/li>\r\n\t<li>` `<\/li>\r\n\t<li>Ample surface area accommodates larger gatherings.<\/li>\r\n\t<li>` `<\/li>\r\n<\/ul>\r\n\r\n<p>` `<\/p>\r\n\r\n<h2>3. Ergonomic Office Chair<\/h2>\r\n\r\n<p>` `<img alt=\"Ergonomic Office Chair\" src=\"office-chair.jpg\" style=\"height:350px; width:500px\" \/>` `<\/p>\r\n\r\n<p>A comfortable and supportive office chair is essential for long hours of work. This ergonomic office chair offers excellent lumbar support, adjustable features, and a modern design that complements any workspace decor.<\/p>\r\n\r\n<p>` `<\/p>\r\n\r\n<ul>\r\n\t<li>` `&lt; li&gt;The ergonomic design promotes good posture, reducing the risk of back pain.` `<\/li>\r\n\t<li>Adjustable settings allow customization to suit individual preferences.<\/li>\r\n\t<li>` `<\/li>\r\n\t<li>Premium materials ensure durability, making it a worthwhile investment.<\/li>\r\n\t<li>`<\/li>\r\n<\/ul>\r\n\r\n<h2>4. Multi-functional Storage Cabinet<\/h2>\r\n\r\n<p><img alt=\"Multi-functional Storage Cabinet\" src=\"storage-cabinet.jpg\" style=\"height:350px; width:500px\" \/><\/p>\r\n\r\n<p>If you are looking for additional storage space without compromising on style, this multi-functional storage cabinet is an excellent choice. With multiple compartments and sleek design, it serves as both a functional and aesthetic piece of furniture.<\/p>\r\n\r\n<ul>\r\n\t<li>&lt;`&lt; li&gt;`&gt;`Versatile storage options accommodate various items efficiently.`<!-- li-->`&gt; &lt;`&lt; li&gt;`&gt;`Sturdy construction ensures durability.`<!-- li-->`&gt; &lt;`&lt; li&gt;`&gt;`Saves space by providing ample room for organizing belongings.`<!-- li-->`&gt; `<!-- ul-->`<\/li>\r\n<\/ul>\r\n\r\n<p>These are just a few examples of the best furniture products available on OtrixWeb. It&#39;s important to explore the website further to find the perfect fit for your home or office. Remember to consider factors such as price, dimensions, and customer reviews before making a final decision. Happy furniture shopping!<\/p>","views":1,"created_at":"2023-06-29T12:35:27.000000Z","updated_at":"2023-06-29T12:35:27.000000Z","deleted_at":null},{"id":7,"title":"Why People addict with smart worlds.","short_description":"This blog post explores the reasons behind people's addiction to smart technology and virtual worlds. It delves into the allure of constant connectivity, the escapism it offers, and the addictive nature of these immersive experiences.","image":"16882.png","description":"<p>Why People are Addicted to Smart Worlds<\/p>\r\n\r\n<h1>Why People are Addicted to Smart Worlds<\/h1>\r\n\r\n<p>In today&#39;s highly connected and technologically advanced world, it is no surprise that people are becoming increasingly addicted to smart devices, virtual reality, and the internet. These &quot;smart worlds&quot; offer a multitude of benefits and conveniences that make them difficult to resist. Let&#39;s explore some of the reasons why people find themselves getting hooked on smart worlds.<\/p>\r\n\r\n<h2>1. Endless Entertainment Opportunities<\/h2>\r\n\r\n<p>The modern world is brimming with entertainment options. Smart devices provide access to an abundance of movies, TV shows, music streaming services, social media platforms, and countless games. The seemingly infinite choices allow individuals to escape from reality into a world where they can engage in various forms of amusement at their fingertips.<\/p>\r\n\r\n<h2>2. Connectivity and Social Interaction<\/h2>\r\n\r\n<p>Smart worlds enable people from all corners of the globe to connect with one another effortlessly. Social media platforms like Facebook, Instagram, Twitter, and Snapchat have become integral parts of our lives, enabling constant communication with friends and family members. Virtual reality (VR) also provides an immersive environment where users can interact with others in a virtual space. This need for social interaction and connectivity drives people towards smart worlds.<\/p>\r\n\r\n<h2>3. Information at Their Fingertips<\/h2>\r\n\r\n<p>The internet is an endless source of information available through smart devices. From news updates to educational resources to DIY tutorials - everything one might want or need is just a few clicks away. People feel empowered by having instant access to a wealth of knowledge and are often drawn towards engaging with this vast pool of information.<\/p>\r\n\r\n<h2>4. Personalization and Customization<\/h2>\r\n\r\n<p>Smart worlds offer personalized experiences tailored to individual preferences. Advanced algorithms track user behavior and provide recommendations based on their interests and previous interactions. This level of personalization creates a sense of exclusivity and makes individuals feel that they have control over what they see, watch, or engage with. Whether it is customizing a smartphone&#39;s home screen or receiving personalized content recommendations, these aspects contribute to the addiction.<\/p>\r\n\r\n<h2>5. Escapism from Reality<\/h2>\r\n\r\n<p>In some cases, people turn to smart worlds as a form of escapism from real-life responsibilities or problems. These virtual environments provide an opportunity to detach from the real world temporarily and immerse oneself in alternate realities where stress, worries, and responsibilities fade away. The appeal of leaving behind life&#39;s challenges can be incredibly enticing and addictive.<\/p>\r\n\r\n<h2>6. Building Online Identity<\/h2>\r\n\r\n<p>The internet has become a platform for self-expression and identity-building for many individuals. With the rise of social media influencers and content creators, people are driven towards smart worlds with the aim of crafting their own online persona and gaining validation through likes, comments, and shares. The ability to shape one&#39;s digital presence provides a sense of empowerment that can easily lead to addiction.<\/p>\r\n\r\n<h2>7. Constant Stimulation<\/h2>\r\n\r\n<p>The continuous availability of new content ensures that users stay engaged with smart worlds for longer periods. Social media feeds refresh constantly, news outlets provide instantaneous updates, and video platforms offer an endless stream of videos catering to various interests. Smart devices are designed to capture attention with notifications, alerts, and vibrant displays - all contributing factors leading to addiction due to their ability to constantly stimulate our senses.<\/p>\r\n\r\n<p>In conclusion, there are numerous reasons why people become addicted to smart worlds. From endless entertainment opportunities and connectivity to the power of personalization and escapism, these factors make it hard for individuals to resist spending excessive amounts of time in these virtual realms. It is crucial, however, to maintain a balance between our virtual experiences and the real world, ensuring that we do not let addiction overshadow our personal growth and relationships.<\/p>","views":1,"created_at":"2023-06-29T12:34:38.000000Z","updated_at":"2023-06-29T12:34:38.000000Z","deleted_at":null}]