[{"id":1,"name":"Gucci","status":1,"sort_order":1,"image":"1687950976App-Icon-Light-removebg-preview.png"},{"id":2,"name":"Levi's","status":1,"sort_order":2,"image":"16879509544834108_2525949-removebg-preview.png"},{"id":3,"name":"Zara","status":1,"sort_order":3,"image":"1687950934Tradesy-01-removebg-preview.png"},{"id":4,"name":"Chanel","status":1,"sort_order":3,"image":"1687950911825159_preview-removebg-preview (1).png"},{"id":5,"name":"Louis Vuitton","status":1,"sort_order":4,"image":"1687950862preview-removebg-preview.png"},{"id":6,"name":"A Com","status":1,"sort_order":5,"image":"1687950829Vector.png"}]