[{"category_id":9,"image":"1674910040Category_02.jpg","parent_id":0,"sort_order":9,"status":1,"category_description":{"name":"Electronic","category_id":9}},{"category_id":8,"image":"1663396424Category_08.jpg","parent_id":0,"sort_order":8,"status":1,"category_description":{"name":"Heels Sandal","category_id":8}},{"category_id":7,"image":"1674910023Category_07.jpg","parent_id":0,"sort_order":7,"status":1,"category_description":{"name":"Ladies Dress","category_id":7}},
  {"category_id":6,"image":"1674910032Category_01.jpg","parent_id":0,"sort_order":6,"status":1,"category_description":{"name":"Beauty","category_id":6}},{"category_id":5,"image":"1674910049Category_02.jpg","parent_id":0,"sort_order":5,"status":1,"category_description":{"name":"Travel","category_id":5}},{"category_id":4,"image":"1674910059Category_06.jpg","parent_id":0,"sort_order":4,"status":1,"category_description":
  {"name":"Kids Wear","category_id":4}},
  {"category_id":3,"image":"1674910071Category_03.jpg","parent_id":0,"sort_order":3,"status":1,"category_description":{"name":"Grocery","category_id":3}},{"category_id":2,"image":"1674910079Category_04.jpg","parent_id":0,"sort_order":2,"status":1,"category_description":{"name":"Shoes","category_id":2}},{"category_id":1,"image":"1674910087Category_05.jpg","parent_id":0,"sort_order":1,"status":1,"category_description":{"name":"Cloths","category_id":1}}
]
