[{"id":8,"image":"168797967232-running-shoes-png-image 1 (1).png","category_id":3,"model":"NIKE-99","price":"99.00","quantity":9999,"sort_order":1,"status":1,"date_available":"28\/06\/2023","created_at":"2023-05-01T19:14:23.000000Z","viewed":null,"review_avg":null,"productDescription":{"name":"Nike Sneaker Orange & Gray","id":21,"product_id":8},"category":{"name":"Shoes","category_id":3},"special":{"product_id":8,"price":"59.0000","start_date":"25\/06\/2023","end_date":"31\/03\/2024"}},{"id":9,"image":"168797984127019-3-female-shoes-file 1 (1).png","category_id":7,"model":"HEADPHONE-21","price":"59.00","quantity":5999,"sort_order":1,"status":1,"date_available":"28\/06\/2023","created_at":"2023-05-01T19:17:21.000000Z","viewed":null,"review_avg":null,"productDescription":{"name":"Apple Headphone White","id":25,"product_id":9},"category":{"name":"Electronics","category_id":7},"special":{"product_id":9,"price":"49.0000","start_date":"25\/06\/2023","end_date":"29\/02\/2024"}},{"id":10,"image":"1687980037image 14.png","category_id":2,"model":"PARTY-W50","price":"50.00","quantity":5000,"sort_order":1,"status":1,"date_available":"28\/06\/2023","created_at":"2023-05-01T19:20:37.000000Z","viewed":null,"review_avg":null,"productDescription":{"name":"Blue Party Wear Dress","id":27,"product_id":10},"category":{"name":"Women Fashion","category_id":2},"special":{"product_id":10,"price":"30.0000","start_date":"25\/06\/2023","end_date":"31\/03\/2024"}},{"id":36,"image":"16882641401386068_OYHKDO0-removebg-preview.png","category_id":7,"model":"INFNITE-60","price":"180.00","quantity":800,"sort_order":1,"status":1,"date_available":"02\/07\/2023","created_at":"2023-07-02T02:15:40.000000Z","viewed":null,"review_avg":null,"productDescription":{"name":"Infinite Smart 7 HD (Green Apple, 64 GB)  (2 GB RAM)","id":169,"product_id":36},"category":{"name":"Electronics","category_id":7},"special":{"product_id":36,"price":"130.0000","start_date":"01\/07\/2023","end_date":"31\/03\/2024"}},{"id":61,"image":"1688272217vertical-shot-concentrated-businessman-listening-carefully-with-crossed-hands-removebg-preview.png","category_id":1,"model":"SHIPu3q","price":"25.00","quantity":256,"sort_order":1,"status":1,"date_available":"02\/07\/2023","created_at":"2023-07-02T04:30:17.000000Z","viewed":null,"review_avg":null,"productDescription":{"name":"Men purple plain fancy shirt","id":167,"product_id":61},"category":{"name":"Men Fashion","category_id":1},"special":{"product_id":61,"price":"15.0000","start_date":"01\/07\/2023","end_date":"22\/05\/2024"}}]