[{"id":14,"image":"1687981308Product_11.jpg","category_id":1,"model":"HAT-45","price":"45.00","quantity":45680,"sort_order":1,"status":1,"date_available":"28\/06\/2023","created_at":"2023-05-01T19:41:48.000000Z","viewed":0,"review_avg":null,"productDescription":{"name":"Blue Sun Hat","id":35,"product_id":14},"category":{"name":"Men Fashion","category_id":1},"special":{"product_id":14,"price":"25.0000","start_date":"25\/06\/2023","end_date":"01\/05\/2024"}},{"id":9,"image":"168797984127019-3-female-shoes-file 1 (1).png","category_id":7,"model":"HEADPHONE-21","price":"59.00","quantity":5999,"sort_order":1,"status":1,"date_available":"28\/06\/2023","created_at":"2023-05-01T19:17:21.000000Z","viewed":0,"review_avg":null,"productDescription":{"name":"Apple Headphone White","id":25,"product_id":9},"category":{"name":"Electronics","category_id":7},"special":{"product_id":9,"price":"49.0000","start_date":"25\/06\/2023","end_date":"29\/02\/2024"}},{"id":4,"image":"1687963375image 12.png","category_id":6,"model":"BABY50","price":"30.00","quantity":4000,"sort_order":1,"status":1,"date_available":"28\/06\/2023","created_at":"2023-05-01T14:42:55.000000Z","viewed":0,"review_avg":null,"productDescription":{"name":"Combo Pack for Baby Girls","id":11,"product_id":4},"category":{"name":"Kids Wear","category_id":6},"special":null},{"id":2,"image":"168796277032767-2-axe-spray-transparent-background 1 (1).png","category_id":7,"model":"Headphone","price":"60.00","quantity":5000,"sort_order":1,"status":1,"date_available":"28\/06\/2023","created_at":"2023-05-01T14:32:50.000000Z","viewed":0,"review_avg":null,"productDescription":{"name":"Black Headphone","id":5,"product_id":2},"category":{"name":"Electronics","category_id":7},"special":null},{"id":28,"image":"1688037249Product_24.jpg","category_id":5,"model":"LAPBAG-50","price":"50.00","quantity":5000,"sort_order":1,"status":1,"date_available":"29\/06\/2023","created_at":"2023-05-01T11:14:09.000000Z","viewed":0,"review_avg":null,"productDescription":{"name":"Medium 25 L Laptop Backpack for Office","id":71,"product_id":28},"category":{"name":"Travel","category_id":5},"special":null}]